{
  "Beograd": {
    "position": {
      "y": 0.35009716413496705,
      "x": 0.7115473799559429
    },
    "size": 1
  },
  "Zagreb": {
    "position": {
      "y": 0.1949363001587212,
      "x": 0.2938849432083805
    },
    "size": 0.7014520041089217
  },
  "Skoplje": {
    "position": {
      "y": 0.7709355518138306,
      "x": 0.8030927777216781
    },
    "size": 0.242274949458748
  },
  "Sarajevo": {
    "position": {
      "y": 0.49045709388710856,
      "x": 0.5212010202669599
    },
    "size": 0.28787943797622983
  },
  "Ljubljana": {
    "position": {
      "y": 0.15843939915147298,
      "x": 0.15587027500084155
    },
    "size": 0.3014126311485547
  },
  "Novi Sad": {
    "position": {
      "y": 0.277601252874187,
      "x": 0.654007764201645
    },
    "size": 0.1709467935014424
  },
  "Niš": {
    "position": {
      "y": 0.5712360967778918,
      "x": 0.8468318616506035
    },
    "size": 0.118499991166323
  },
  "Split": {
    "position": {
      "y": 0.5429921122034531,
      "x": 0.33673578152523936
    },
    "size": 0.11689478585904985
  },
  "Rijeka": {
    "position": {
      "y": 0.26854869371571266,
      "x": 0.14992370437690036
    },
    "size": 0.08678204290138336
  },
  "Banja Luka": {
    "position": {
      "y": 0.3522697783330012,
      "x": 0.4069352347399403
    },
    "size": 0.09223873138302571
  },
  "Priština": {
    "position": {
      "y": 0.6705124955491581,
      "x": 0.7785491489672043
    },
    "size": 0.04568272965667283
  },
  "Osijek": {
    "position": {
      "y": 0.2341640565121087,
      "x": 0.5476052898298681
    },
    "size": 0.11947421954463656
  },
  "Maribor": {
    "position": {
      "y": 0.08333333333333304,
      "x": 0.2624690984026538
    },
    "size": 0.12905497323395868
  },
  "Tuzla": {
    "position": {
      "y": 0.3875445838538546,
      "x": 0.5449499029474796
    },
    "size": 0.06548783350285581
  },
  "Zenica": {
    "position": {
      "y": 0.4380880391553351,
      "x": 0.47394635370501254
    },
    "size": 0.03520851263594398
  },
  "Mostar": {
    "position": {
      "y": 0.5677810366990743,
      "x": 0.4646057498475958
    },
    "size": 0.06221684910312939
  },
  "Kragujevac": {
    "position": {
      "y": 0.46684500208208835,
      "x": 0.7547909163328733
    },
    "size": 0.06592446953769582
  },
  "Subotica": {
    "position": {
      "y": 0.15193664415596864,
      "x": 0.6384868408750061
    },
    "size": 0.13600581508337728
  },
  "Bitolj": {
    "position": {
      "y": 0.916666666666667,
      "x": 0.7943692708158023
    },
    "size": 0.07319332375931006
  },
  "Sombor": {
    "position": {
      "y": 0.20113730318227596,
      "x": 0.5865665473612561
    },
    "size": 0.07369810530247772
  },
  "Zrenjanin": {
    "position": {
      "y": 0.26002420050814956,
      "x": 0.7052829109024203
    },
    "size": 0.09187024085651332
  },
  "Pančevo": {
    "position": {
      "y": 0.3375141069046885,
      "x": 0.7294431915506338
    },
    "size": 0.06335008366754077
  },
  "Sremska Mitrovica": {
    "position": {
      "y": 0.321310026011019,
      "x": 0.6333256663712082
    },
    "size": 0.0426540403976669
  },
  "Vršac": {
    "position": {
      "y": 0.30029300116476176,
      "x": 0.7914614351805102
    },
    "size": 0.04946859123043025
  },
  "Šabac": {
    "position": {
      "y": 0.3549553708833487,
      "x": 0.6408056294201906
    },
    "size": 0.047701855829343456
  },
  "Valjevo": {
    "position": {
      "y": 0.4272702309609586,
      "x": 0.6600571843175094
    },
    "size": 0.030791674133226993
  },
  "Užice": {
    "position": {
      "y": 0.49006481632357446,
      "x": 0.6548492600446555
    },
    "size": 0.025743858701550437
  },
  "Čačak": {
    "position": {
      "y": 0.48516134677940115,
      "x": 0.7022722257752045
    },
    "size": 0.0272582033310534
  },
  "Kraljevo": {
    "position": {
      "y": 0.5102972860427637,
      "x": 0.7339966190567019
    },
    "size": 0.03205362799114613
  },
  "Kruševac": {
    "position": {
      "y": 0.5321441288118817,
      "x": 0.7942944711853124
    },
    "size": 0.03710144342282269
  },
  "Požarevac": {
    "position": {
      "y": 0.37503696461656355,
      "x": 0.7806341886671079
    },
    "size": 0.0290249387321402
  },
  "Smederevo": {
    "position": {
      "y": 0.3685342096210593,
      "x": 0.7563056088502924
    },
    "size": 0.02221038789937685
  },
  "Jagodina": {
    "position": {
      "y": 0.4722312747813803,
      "x": 0.7874970547645493
    },
    "size": 0.02044365249829005
  },
  "Leskovac": {
    "position": {
      "y": 0.6199388650504827,
      "x": 0.8515348884176513
    },
    "size": 0.03154884644797848
  },
  "Vranje": {
    "position": {
      "y": 0.6873351679853223,
      "x": 0.8472526095721088
    },
    "size": 0.02069604326987388
  },
  "Pirot": {
    "position": {
      "y": 0.5965681748230223,
      "x": 0.9113745928095114
    },
    "size": 0.023219950985712157
  },
  "Bor": {
    "position": {
      "y": 0.4574756033530676,
      "x": 0.8654850195040038
    },
    "size": 0.008833677005433973
  },
  "Zaječar": {
    "position": {
      "y": 0.4833206597505114,
      "x": 0.8812677415373568
    },
    "size": 0.023219950985712157
  },
  "Loznica": {
    "position": {
      "y": 0.3883140513823258,
      "x": 0.5971880948908111
    },
    "size": 0.016910181696116463
  },
  "Doboj": {
    "position": {
      "y": 0.3584858689551529,
      "x": 0.4907108208885448
    },
    "size": 0.013124320122359047
  },
  "Travnik": {
    "position": {
      "y": 0.4346178914779206,
      "x": 0.45132881543565184
    },
    "size": 0.012114757036023735
  },
  "Prijedor": {
    "position": {
      "y": 0.32079704765870554,
      "x": 0.36229855524513704
    },
    "size": 0.019938870955122395
  },
  "Bihać": {
    "position": {
      "y": 0.345555796957133,
      "x": 0.2831137964178457
    },
    "size": 0.013881492437110529
  },
  "Livno": {
    "position": {
      "y": 0.4948928478747602,
      "x": 0.3897780694963367
    },
    "size": 0.011105193949688424
  },
  "Jajce": {
    "position": {
      "y": 0.4171464523020656,
      "x": 0.41426559852794337
    },
    "size": 0.008833677005433973
  },
  "Mrkonjić Grad": {
    "position": {
      "y": 0.4057854905581808,
      "x": 0.3968185847161914
    },
    "size": 0.006309769289595695
  },
  "Foča": {
    "position": {
      "y": 0.5434598277599736,
      "x": 0.555375101446999
    },
    "size": 0.0045430338885089
  },
  "Trebinje": {
    "position": {
      "y": 0.6631195722364043,
      "x": 0.5147028023681561
    },
    "size": 0.01034802163493694
  },
  "Konjic": {
    "position": {
      "y": 0.5213715834132968,
      "x": 0.4789672789016423
    },
    "size": 0.007824113919098662
  },
  "Bugojno": {
    "position": {
      "y": 0.4599348819244532,
      "x": 0.43122641474151124
    },
    "size": 0.006562160061179523
  },
  "Goražde": {
    "position": {
      "y": 0.5190179180320937,
      "x": 0.5738693100856084
    },
    "size": 0.003785861573757417
  },
  "Visoko": {
    "position": {
      "y": 0.47049620094267297,
      "x": 0.4992286288105737
    },
    "size": 0.008833677005433973
  },
  "Kakanj": {
    "position": {
      "y": 0.44869462096934776,
      "x": 0.49406745430677584
    },
    "size": 0.007571723147514834
  },
  "Zavidovići": {
    "position": {
      "y": 0.40163640094387965,
      "x": 0.4965732419281848
    },
    "size": 0.006057378518011867
  },
  "Maglaj": {
    "position": {
      "y": 0.38617161238148656,
      "x": 0.4921600637292851
    },
    "size": 0.005552596974844212
  },
  "Gradačac": {
    "position": {
      "y": 0.33605060984073487,
      "x": 0.5223697644933634
    },
    "size": 0.008833677005433973
  },
  "Derventa": {
    "position": {
      "y": 0.32079704765870554,
      "x": 0.4739837535202577
    },
    "size": 0.014133883208694357
  },
  "Bosanska Gradiška": {
    "position": {
      "y": 0.2960684735574741,
      "x": 0.41284440554863666
    },